﻿<?xml version="1.0" encoding="utf-8"?>
<Root Type="DevExpress.CodeRush.Foundation.Statistic.StatisticContainer">
  <Options Language="Neutral">
    <Items>
      <Item Id="{f48fd677-b8a8-4401-8423-e2c76bafbbd1}">
        <FeatureName>Code Cleanup</FeatureName>
        <Group>Refactorings</Group>
        <Counter>2069</Counter>
      </Item>
      <Item Id="{a62c5027-beae-46af-94b5-8bb28f0bebea}">
        <FeatureName>Cleanup on Save</FeatureName>
        <Group>Refactorings</Group>
        <Counter>2065</Counter>
      </Item>
      <Item Id="{af16807b-0946-4712-acbb-62f4df9bae48}">
        <FeatureName>Filters</FeatureName>
        <Group>IntelliRush</Group>
        <Counter>2</Counter>
      </Item>
      <Item Id="{baaea2db-c269-4d0f-8f83-86d63b1a51dd}">
        <FeatureName>Flatten Conditional</FeatureName>
        <Group>Refactorings</Group>
        <Counter>1</Counter>
      </Item>
      <Item Id="{f2e4a741-2a16-4685-90da-0b78418e90fc}">
        <FeatureName>CSharp Format Document</FeatureName>
        <Group>Refactorings</Group>
        <Counter>2</Counter>
      </Item>
      <Item Id="{707cc608-bfe9-4299-8aa8-f062210c42f4}">
        <FeatureName>Exit Method Contract</FeatureName>
        <Group>Refactorings</Group>
        <Counter>1</Counter>
      </Item>
      <Item Id="{91510503-39e0-4bbf-b299-78b8c32b5ba0}">
        <FeatureName>Declare Local</FeatureName>
        <Group>Refactorings</Group>
        <Counter>1</Counter>
      </Item>
      <Item Id="{641f67e9-5d76-41bf-8abc-a72eb78220a3}">
        <FeatureName>DuplicateLine</FeatureName>
        <Group>Smart Duplicate</Group>
        <Counter>2</Counter>
      </Item>
      <Item Id="{b4a2f580-0989-480d-a24e-9f418ff21c61}">
        <FeatureName>Conditional to Switch</FeatureName>
        <Group>Refactorings</Group>
        <Counter>1</Counter>
      </Item>
      <Item Id="{c3ba3b88-05e7-4a55-a386-a8731d3ed546}">
        <FeatureName>UnitTestsRunAtCursor</FeatureName>
        <Group>Test Runner</Group>
        <Counter>1</Counter>
      </Item>
      <Item Id="{ec70f81a-e91e-406b-b690-20b8881738b7}">
        <FeatureName>Add Missing Constructors</FeatureName>
        <Group>Refactorings</Group>
        <Counter>1</Counter>
      </Item>
      <Item Id="{391a4894-8106-47ed-9c76-5fe37b8c8378}">
        <FeatureName>Create Descendant</FeatureName>
        <Group>Refactorings</Group>
        <Counter>1</Counter>
      </Item>
      <Item Id="{5ff66752-9cbb-4991-9b52-45c37e000d85}">
        <FeatureName>Import Type</FeatureName>
        <Group>Refactorings</Group>
        <Counter>1</Counter>
      </Item>
      <Item Id="{68c2bcc4-1262-4b04-9378-b7894bb87641}">
        <FeatureName>Encapsulate Property</FeatureName>
        <Group>Refactorings</Group>
        <Counter>1</Counter>
      </Item>
      <Item Id="{a3dd88fb-572a-4d99-9fea-a54193a053af}">
        <FeatureName>NextReference</FeatureName>
        <Group>Other features</Group>
        <Counter>6</Counter>
      </Item>
      <Item Id="{a1e7de22-e6d6-43cf-a3cd-929ef4ee036e}">
        <FeatureName>ClipboardHistory</FeatureName>
        <Group>Other features</Group>
        <Counter>4</Counter>
      </Item>
      <Item Id="{3d05e169-a820-4754-9a16-c1d011efe3af}">
        <FeatureName>ExpressionVisualizerEvaluateCurrentValue</FeatureName>
        <Group>DebugVisualizer</Group>
        <Counter>1</Counter>
      </Item>
      <Item Id="{e4307fff-9ca0-48d5-8f9a-92a190d3023a}">
        <FeatureName>Use Expression Body</FeatureName>
        <Group>Refactorings</Group>
        <Counter>1</Counter>
      </Item>
      <Item Id="{1062e109-0266-4ead-9afa-5184898bde25}">
        <FeatureName>JumpToEverything</FeatureName>
        <Group>Jump To</Group>
        <Counter>33</Counter>
      </Item>
    </Items>
  </Options>
</Root>