﻿<?xml version="1.0" encoding="utf-8"?>
<Root Type="DevExpress.CodeRush.Foundation.Shortcuts.ShortcutsOptions">
  <Options Language="Neutral">
    <RootFolder>
      <SubFolders>
        <Item Id="{01ea3896-6cc1-4912-824e-88c7c5a82a25}">
          <Bindings>
            <Item Id="{88959174-9ffa-429b-bef8-aeddb65b9c2a}" />
            <Item Id="{975814d0-802e-4143-a979-22d3f975cfc2}" />
            <Item Id="{0260c6ac-cfdb-4874-88c5-66bbf9b84e9b}" />
            <Item Id="{dd4ceb84-80b3-4517-ac9b-170dcffe646f}" />
            <Item Id="{a1f4a77e-b674-41bd-880f-195c3c0c1dfe}" />
            <Item Id="{ee0b4600-2d2c-4700-8d4d-578027321f74}">
              <Enabled>False</Enabled>
            </Item>
            <Item Id="{d37c2c40-a7c6-403f-8556-8fb690d4c656}">
              <Key1>
                <Shift>False</Shift>
                <KeyState>0</KeyState>
                <KeyCode>0</KeyCode>
              </Key1>
            </Item>
            <Item Id="{baf8010d-02d7-4ac9-b644-0c670f796ce4}" />
            <Item Id="{676742ae-19ea-4884-840d-2be66d9bb49c}" />
            <Item Id="{43d481e0-19e4-405d-b7e3-687fc610050c}">
              <Enabled>False</Enabled>
              <Key1>
                <KeyState>0</KeyState>
                <KeyCode>0</KeyCode>
              </Key1>
            </Item>
            <Item Id="{f1a06e4e-3241-438d-84e5-044e3e907492}">
              <Enabled>False</Enabled>
            </Item>
            <Item Id="{f38c0b22-f64a-4627-b5c4-fbb23587cfaa}" />
            <Item Id="{3b8cae25-e23f-443c-98ff-83d38711f26e}">
              <Enabled>False</Enabled>
            </Item>
            <Item Id="{491253a6-324c-4a0f-b4e5-aff443b00fb9}">
              <Enabled>False</Enabled>
            </Item>
            <Item Id="{a06ba470-2048-47ac-b7af-93653ce09359}">
              <Enabled>False</Enabled>
            </Item>
            <Item Id="{fcdece85-3f7b-48be-a5de-75fc05ec9c1c}" />
            <Item Id="{1562ccb9-7f21-492d-8c71-42d5ff7ecf9a}">
              <Key1>
                <Ctrl>False</Ctrl>
                <KeyState>0</KeyState>
                <KeyCode>0</KeyCode>
              </Key1>
            </Item>
            <Item Id="{34c575e6-55c2-4d7f-a839-8167bfa1a831}" />
            <Item Id="{b253a65c-b13a-42bd-8d59-4a790ce19f3a}" />
            <Item Id="{011d4fb6-22ba-4d11-8a05-ed753b5dbd8a}" />
            <Item Id="{804634ae-7823-4541-a8fe-d7da6c807b41}" />
            <Item Id="{eb8a243c-8645-46cf-98ac-e73a6e32cf3e}" />
            <Item Id="{5f2e52af-bb7d-46cc-819d-3f2a2860ba8c}" />
            <Item Id="{9848d5d7-d513-4f1e-98aa-fcd21b3eb498}">
              <Key1>
                <Shift>False</Shift>
                <Ctrl>False</Ctrl>
                <KeyState>0</KeyState>
                <KeyCode>0</KeyCode>
              </Key1>
            </Item>
          </Bindings>
          <Enabled>False</Enabled>
        </Item>
        <Item Id="{66d31aae-e1f0-43b9-8108-123cb59d73bd}">
          <Enabled>False</Enabled>
        </Item>
        <Item Id="{4fcfb46a-6fd9-4ba4-a790-6447cb1cf0a5}">
          <Enabled>False</Enabled>
        </Item>
        <Item Id="{55d41133-671c-49f1-a934-6c5d59c3f319}">
          <Enabled>False</Enabled>
        </Item>
        <Item Id="{a3f2b3b4-9497-4db5-9f8b-c4b30a2240ac}">
          <SubFolders>
            <Item Id="{28d84f66-997e-40f1-916b-bccd3a30e979}">
              <Bindings>
                <Item Id="{cf5e0bd9-3ceb-42b3-adfa-b93dd2c87e93}">
                  <Enabled>False</Enabled>
                </Item>
                <Item Id="{4646ea7d-99ca-462f-bfd3-4ee7f398b310}">
                  <Enabled>False</Enabled>
                </Item>
                <Item Id="{929d817f-3800-4d53-bb60-2810a6d1ee8b}" />
                <Item Id="{8f378564-7d90-4e9e-9264-52c1e4832f37}" />
                <Item Id="{3c58f2fb-5e6c-4015-add0-b8c5cd5ee80b}">
                  <Enabled>False</Enabled>
                </Item>
                <Item Id="{9cfa836d-bb74-4e55-a80a-e9fa27304b5d}">
                  <Enabled>False</Enabled>
                </Item>
              </Bindings>
            </Item>
            <Item Id="{5f50d588-fef9-4f94-843a-08a71e81cadb}" />
            <Item Id="{0e1a8f0e-939c-43d4-a574-17bc62e79d31}">
              <Bindings>
                <Item Id="{173b3228-6b7d-4fe0-a9cc-b505df87fad2}" />
                <Item Id="{7ba1f03b-60b0-4b24-a571-9d4a8e73a64e}" />
                <Item Id="{93b4009f-dd82-47e7-a675-90df06c488f0}" />
                <Item Id="{34aa3b45-77fd-4777-8a09-5a4727695746}" />
                <Item Id="{45635691-e37c-433d-ad0c-2c07a430d102}" />
                <Item Id="{dc83600a-f779-4ac7-88e4-f821aabeaeb6}" />
                <Item Id="{3593b40a-b2e6-4ab7-b44e-d1069db8dc6e}" />
                <Item Id="{a572244c-9973-435e-9164-9027b4f29615}" />
                <Item Id="{e2e37b7a-f44d-4c22-ad33-5f5b47cbf608}">
                  <Enabled>False</Enabled>
                </Item>
                <Item Id="{88ab7cd7-d8c2-45b8-97b5-55990ffd18c9}">
                  <Enabled>False</Enabled>
                </Item>
                <Item Id="{c9bee03f-85d7-4ca3-bb77-00aac6990bef}">
                  <Enabled>False</Enabled>
                </Item>
                <Item Id="{72f3c77a-7526-4cda-85df-23ce91a904e1}" />
              </Bindings>
            </Item>
            <Item Id="{9742ad00-8e7d-4f8b-902b-cdb634e79708}">
              <Bindings>
                <Item Id="{1018b1c7-ffa9-4f84-82cd-024b186c923b}">
                  <Enabled>False</Enabled>
                </Item>
                <Item Id="{1aeb51fa-b415-4e77-98ec-e01d32f0ca45}">
                  <Enabled>False</Enabled>
                </Item>
                <Item Id="{c9439415-2346-48da-8f57-cc7361057841}" />
              </Bindings>
            </Item>
            <Item Id="{c66047dd-1843-4f94-9785-095fbc40af81}" />
          </SubFolders>
          <Bindings>
            <Item Id="{ba8d080e-fefa-42aa-872c-f9c675f69c58}">
              <Enabled>False</Enabled>
            </Item>
          </Bindings>
          <Enabled>False</Enabled>
        </Item>
        <Item Id="{318b8900-85af-4c66-b37f-8a86508e7a89}">
          <Bindings>
            <Item Id="{3ab84619-7303-4867-8cf6-2e8dc9a5eae8}" />
            <Item Id="{be732537-8d33-47d4-a873-60cdeab3222b}" />
            <Item Id="{49679624-e52d-47fa-994f-049418ed0dad}" />
            <Item Id="{2f761621-f8b5-4e64-90d5-7917a2820238}" />
            <Item Id="{3bc6c1e0-f1a6-49c4-8870-ae4568728a99}" />
            <Item Id="{cdce02f5-4af1-4440-92be-621450e74df3}" />
            <Item Id="{d010e91b-8d17-44a6-b81c-fecf93ea7b70}" />
            <Item Id="{f9cbc4a0-d3af-4a37-8a99-51bc7e9c3105}" />
            <Item Id="{9b1eff02-45bd-4e1b-bd9c-66bf0d6d32d2}" />
            <Item Id="{f9da531f-1614-418a-b7aa-b27d8adf2955}" />
            <Item Id="{538b5c15-f604-4436-b52a-2d99d2fb2c8c}" />
            <Item Id="{e6164631-0529-4afd-b955-e0246634e3cc}" />
            <Item Id="{350700a2-5c03-4833-98e3-4ac1c73cb2ca}" />
            <Item Id="{767d1960-752e-4ad3-9f73-99622c855627}" />
            <Item Id="{5c17ad85-07ca-4d10-888e-5154aa0c1589}">
              <Enabled>False</Enabled>
            </Item>
            <Item Id="{b15b6dc2-0530-4baa-8cc9-61d1f35d2d52}" />
            <Item Id="{5abf9aa8-8281-457c-b383-6b744fedea3b}" />
          </Bindings>
          <Enabled>False</Enabled>
        </Item>
        <Item Id="{d33fb6fa-56b3-40a1-b169-71e855b2e3a2}">
          <Enabled>False</Enabled>
        </Item>
        <Item Id="{4aa0656f-7150-440b-8585-509c548e9d7e}">
          <Enabled>False</Enabled>
        </Item>
      </SubFolders>
    </RootFolder>
  </Options>
</Root>