﻿<?xml version="1.0" encoding="utf-8"?>
<Root Type="DevExpress.CodeRush.Foundation.FeatureAdvisor.Options.FeatureAdvisorOptions">
  <Options Language="Neutral">
    <Providers>
      <Item Id="{434524d1-65b2-4f41-bff5-f16422cc9803}">
        <AdvisorName>Template: Case statement declaration</AdvisorName>
        <Enabled>True</Enabled>
      </Item>
      <Item Id="{352fd734-12da-4b10-9fff-7f53cdfb4f64}">
        <AdvisorName>Template: Type declaration</AdvisorName>
        <Enabled>True</Enabled>
      </Item>
      <Item Id="{ade002f3-6ed3-40ee-8a89-f8d29bc83d90}">
        <AdvisorName>Template: Field declaration</AdvisorName>
        <Enabled>True</Enabled>
      </Item>
      <Item Id="{95216a7b-25a1-4f6b-a8cc-e0b9a31ce27a}">
        <AdvisorName>Template: For statement declaration</AdvisorName>
        <Enabled>True</Enabled>
      </Item>
      <Item Id="{bc3e3395-db22-4c07-82cd-9427e9e5d970}">
        <AdvisorName>Template: Method declaration</AdvisorName>
        <Enabled>True</Enabled>
      </Item>
      <Item Id="{bb578e11-a230-4f8d-9da8-97d0679f9b52}">
        <AdvisorName>Template: Property declaration</AdvisorName>
        <Enabled>True</Enabled>
      </Item>
      <Item Id="{4d49bb6b-1766-475d-99ef-e630912ebe04}">
        <AdvisorName>Template: Switch\Select statement declaration</AdvisorName>
        <Enabled>True</Enabled>
      </Item>
      <Item Id="{623645a6-9305-4b15-b46b-5845b85aa531}">
        <AdvisorName>Template: Using statement declaration</AdvisorName>
        <Enabled>True</Enabled>
      </Item>
      <Item Id="{77fe16c1-f043-439c-831c-0d26d47db39f}">
        <AdvisorName>Code Cleanup</AdvisorName>
        <Enabled>True</Enabled>
      </Item>
      <Item Id="{96df9d4e-d8f9-46f2-adb0-2defdfd5b8f4}">
        <AdvisorName>Comment Selection</AdvisorName>
        <Enabled>True</Enabled>
      </Item>
      <Item Id="{a2843ac8-97c1-4f85-a4c1-f22a74fcb1ef}">
        <AdvisorName>Smart Duplicate Line</AdvisorName>
        <Enabled>True</Enabled>
      </Item>
      <Item Id="{247c6ee9-2388-4f7a-976e-ce4ec05541c5}">
        <AdvisorName>Improve performance with Ngen</AdvisorName>
        <Enabled>True</Enabled>
      </Item>
      <Item Id="{d5ee85fe-ae26-41ce-910f-a2c3fa16632d}">
        <AdvisorName>CodeRush Learning Solution</AdvisorName>
        <Enabled>True</Enabled>
      </Item>
    </Providers>
    <Enabled>False</Enabled>
  </Options>
</Root>